fold,accuracy,precision,recall,f1,auc
1,0.9090909090909091,0.8846153846153846,0.9387755102040817,0.9108910891089109,0.973469387755102
2,0.9090909090909091,0.8846153846153846,0.9387755102040817,0.9108910891089109,0.9759183673469387
3,0.9191919191919192,0.875,0.98,0.9245283018867925,0.9910204081632653
4,0.9292929292929293,0.9574468085106383,0.9,0.9278350515463918,0.9636734693877551
5,0.898989898989899,0.9,0.9,0.9,0.9755102040816327
