fold,accuracy,precision,recall,f1,auc
1,0.8888888888888888,0.8958333333333334,0.8775510204081632,0.8865979381443299,0.9559183673469387
2,0.898989898989899,0.8979591836734694,0.8979591836734694,0.8979591836734694,0.9775510204081632
3,0.8888888888888888,0.8305084745762712,0.98,0.8990825688073395,0.9771428571428571
4,0.8585858585858586,0.9090909090909091,0.8,0.851063829787234,0.9681632653061225
5,0.9090909090909091,0.9183673469387755,0.9,0.9090909090909091,0.9746938775510203
