fold,accuracy,precision,recall,f1,auc
1,0.9066666666666666,0.8809523809523809,0.9487179487179487,0.9135802469135802,0.9672364672364673
2,0.9594594594594594,0.9487179487179487,0.9736842105263158,0.961038961038961,0.9956140350877193
3,0.9324324324324325,1.0,0.868421052631579,0.9295774647887324,0.9751461988304093
4,0.8513513513513513,0.8,0.9473684210526315,0.8674698795180723,0.9568713450292398
5,0.9324324324324325,0.9230769230769231,0.9473684210526315,0.935064935064935,0.9736842105263158
