fold,accuracy,precision,recall,f1,auc
1,0.9292929292929293,0.9772727272727273,0.8775510204081632,0.9247311827956989,0.9779591836734693
2,0.8282828282828283,0.8809523809523809,0.7551020408163265,0.8131868131868132,0.9314285714285714
3,0.8585858585858586,0.8181818181818182,0.9183673469387755,0.8653846153846154,0.9563265306122449
4,0.8888888888888888,0.8823529411764706,0.9,0.8910891089108911,0.9702040816326531
5,0.9090909090909091,0.8867924528301887,0.94,0.912621359223301,0.970204081632653
