fold,accuracy,precision,recall,f1,auc
1,0.9047619047619048,0.9090909090909091,0.9090909090909091,0.9090909090909091,0.990909090909091
2,0.6666666666666666,0.6363636363636364,0.7,0.6666666666666666,0.8454545454545453
3,0.8,0.8,0.8,0.8,0.9400000000000001
4,0.85,0.7692307692307693,1.0,0.8695652173913043,0.9299999999999999
5,0.9,0.9,0.9,0.9,0.9500000000000001
