fold,accuracy,precision,recall,f1,auc
1,0.8571428571428571,0.8181818181818182,0.9,0.8571428571428571,0.9545454545454546
2,0.9523809523809523,1.0,0.9090909090909091,0.9523809523809523,0.9409090909090909
3,0.95,1.0,0.9,0.9473684210526315,0.96
4,0.75,0.6923076923076923,0.9,0.782608695652174,0.9300000000000002
5,0.75,0.6923076923076923,0.9,0.782608695652174,0.9500000000000002
