fold,accuracy,precision,recall,f1,auc
1,0.92,0.9411764705882353,0.8888888888888888,0.9142857142857143,0.9650997150997151
2,0.8783783783783784,0.8648648648648649,0.8888888888888888,0.8767123287671232,0.9517543859649122
3,0.9459459459459459,0.9444444444444444,0.9444444444444444,0.9444444444444444,0.986842105263158
4,0.9324324324324325,0.9428571428571428,0.9166666666666666,0.9295774647887324,0.9788011695906432
5,0.8648648648648649,0.90625,0.8055555555555556,0.8529411764705882,0.9517543859649124
