fold,accuracy,precision,recall,f1,auc
1,0.8095238095238095,0.8,0.8,0.8,0.9636363636363636
2,0.8571428571428571,1.0,0.7272727272727273,0.8421052631578947,0.9272727272727272
3,0.95,1.0,0.9,0.9473684210526315,1.0
4,0.75,0.6923076923076923,0.9,0.782608695652174,0.93
5,0.8,0.7142857142857143,1.0,0.8333333333333334,0.99
